﻿<?xml version="1.0" encoding="utf-8"?>
<Login>
  <Names>
    <student>student</student>
  </Names>
  <Hosts>
    <localhost>localhost</localhost>
  </Hosts>
  <Users>
    <root>root</root>
  </Users>
  <Passwords>
    <key-456852>456852</key-456852>
  </Passwords>
  <TableNames>
    <students>students</students>
    <onemorenight>onemorenight</onemorenight>
    <students>students</students>
  </TableNames>
  <AutoSave>true</AutoSave>
  <AutoLogin>true</AutoLogin>
</Login>